column,count,unique,top,freq,mean,std,min,25%,50%,75%,max
id,20000.0,,,,1000009999.5,5773.647027659381,1000000000.0,1000004999.75,1000009999.5,1000014999.25,1000019999.0
click,20000.0,,,,0.16875,0.37454032028951983,0.0,0.0,0.0,0.0,1.0
hour,20000.0,,,,14102111.6446,6.925907106615167,14102100.0,14102106.0,14102112.0,14102118.0,14102123.0
C1,20000.0,,,,1004.48625,3.4940980772681067,1001.0,1002.0,1002.0,1005.0,1010.0
banner_pos,20000.0,,,,0.29855,0.5513012734927317,0.0,0.0,0.0,1.0,7.0
site_id,20000,150,site_61,159,,,,,,,
site_domain,20000,100,sdom_59,233,,,,,,,
site_category,20000,4,50e271e0,5100,,,,,,,
app_id,20000,120,app_39,200,,,,,,,
app_domain,20000,80,adom_55,286,,,,,,,
app_category,20000,3,0f2161f8,6691,,,,,,,
device_id,20000,500,dev_141,59,,,,,,,
device_ip,20000,1000,ip_212,38,,,,,,,
device_model,20000,250,model_21,104,,,,,,,
device_type,20000.0,,,,1.04745,0.6212228210470615,0.0,1.0,1.0,1.0,5.0
device_conn_type,20000.0,,,,0.413,1.056828673126452,0.0,0.0,0.0,0.0,5.0
C14,20000.0,,,,17798.8277,2620.702996148631,15706.0,15707.0,15708.0,20352.0,21647.0
C15,20000.0,,,,316.7022,15.711398968993123,216.0,320.0,320.0,320.0,320.0
C16,20000.0,,,,59.81,43.88371211519658,36.0,50.0,50.0,50.0,250.0
C17,20000.0,,,,2175.9637,283.420596718097,1722.0,2161.0,2333.0,2480.0,2480.0
C18,20000.0,,,,1.2282,1.228454400867509,0.0,0.0,1.0,2.0,3.0
C19,20000.0,,,,101.664,64.03379826596279,35.0,35.0,163.0,163.0,167.0
C20,20000.0,,,,75371.9747,43175.35989825651,-1.0,100075.0,100084.0,100148.0,100148.0
C21,20000.0,,,,98.84795,40.610967648311046,48.0,48.0,110.0,157.0,157.0
