id,click,hour,C1,banner_pos,site_id,site_domain,site_category,app_id,app_domain,app_category,device_id,device_ip,device_model,device_type,device_conn_type,C14,C15,C16,C17,C18,C19,C20,C21
1000000000,0,14102106,1005,0,site_8,sdom_76,50e271e0,app_94,adom_15,cef3e649,dev_76,ip_95,model_137,5,0,21647,320,36,1722,0,167,100148,110
1000000001,0,14102119,1005,0,site_81,sdom_6,f028772b,app_32,adom_71,07d7df22,dev_1,ip_184,model_25,1,0,20352,320,50,2161,2,167,100148,48
1000000002,0,14102114,1002,0,site_54,sdom_78,3e814132,app_27,adom_18,0f2161f8,dev_98,ip_298,model_249,1,0,15708,320,50,2333,0,35,100075,79
1000000003,0,14102110,1001,0,site_136,sdom_40,f028772b,app_49,adom_68,07d7df22,dev_310,ip_516,model_136,5,0,15707,320,50,2480,3,167,100075,48
1000000004,0,14102107,1002,0,site_63,sdom_14,50e271e0,app_117,adom_10,cef3e649,dev_136,ip_232,model_99,1,0,20352,320,50,2480,1,35,100084,48
1000000005,0,14102120,1005,0,site_40,sdom_99,3e814132,app_20,adom_72,0f2161f8,dev_11,ip_802,model_141,1,0,15708,320,50,1722,3,163,100148,110
1000000006,0,14102106,1005,0,site_14,sdom_77,28905ebd,app_54,adom_52,0f2161f8,dev_180,ip_562,model_67,1,0,15708,320,50,2480,3,39,100148,157
1000000007,0,14102118,1001,0,site_35,sdom_93,f028772b,app_37,adom_44,cef3e649,dev_122,ip_112,model_184,1,0,15708,320,50,1722,3,39,100075,157
1000000008,1,14102122,1002,1,site_64,sdom_61,3e814132,app_2,adom_38,0f2161f8,dev_74,ip_934,model_151,1,0,15707,320,50,2161,1,39,100148,157
1000000009,0,14102110,1005,0,site_32,sdom_57,3e814132,app_107,adom_10,cef3e649,dev_399,ip_182,model_149,1,0,21647,320,50,2480,3,167,100148,79
